R,Z,V_R,V_PHI,V_Z,V_T,a_r,a_phi,a_z,fg_r,fg_z,fr_r,fr_phi,fr_z,f_en,prr_hist,prphi_hist,prz_hist,pphir_hist,pphiphi_hist,pphiz_hist,pzr_hist,pzphi_hist,pzz_hist,rho,xi,fm,tau_dr,tau_uv,tau_x,dv_dr,escaped
609.433962264151,1.0,0.0,0.04050761500094785,0.00033356409519815205,0.00033356409519815205,2.191076131946538e-09,-0.0,1.3595915279754823e-08,-2.6924332212759493e-06,-4.417924480731433e-09,2.180202285734417e-09,-1.809689583165753e-08,1.8013839760486257e-08,3.7931005521532475e-08,1.3939254251549734e-08,-3.1119678301467644e-10,6.071917665518802e-11,-3.1119678301467644e-10,1.1993074522938813e-08,-7.565835677201379e-09,6.071917665518802e-11,-7.565835677201379e-09,1.1998666154939078e-08,200000000.0,9.004046589684872e-15,4.214014890612927,0.0019646374256828097,0.8043903684956164,43.312906757364594,4.128543014268063e-05,1.0
609.433962264151,1.0,0.0,0.04050761500094785,0.00033356409519815205,0.040508988361481216,2.191076131946538e-09,-0.0,1.3595915279754823e-08,-2.6924332212759493e-06,-4.417924480731433e-09,1.1663957672757274e-08,-9.681735881569661e-08,9.637301357996042e-08,2.0292871252505957e-07,7.457421389002415e-08,-1.6648850103185246e-09,3.248441261918105e-10,-1.6648850103185246e-09,6.416226352806529e-08,-4.047678863348541e-08,3.248441261918105e-10,-4.047678863348541e-08,6.41921784398143e-08,1646860.1690140793,1.4336473025337097e-11,4.2140216622155835,1.6177415614556887e-05,0.778655956359986,40.739465543801536,3.399575676272511e-07,1.0
609.4339622642658,1.0000333573232998,1.148622387079357e-09,0.040507604472366496,0.00033357323299750723,0.04050897790850147,1.148622387079357e-08,-1.0528581351021042e-07,9.137799355205169e-08,-2.69243322054948e-06,-4.41807184967374e-09,3.966252326281988e-08,-3.2921100704316323e-07,3.2770003980314524e-07,6.900254142714262e-07,2.5357777083416285e-07,-5.6613182237537915e-09,1.1046153170134808e-09,-5.6613182237537915e-09,2.181728634001103e-07,-1.3763448137675866e-07,1.1046153170134928e-09,-1.3763448137675866e-07,2.1827458733071822e-07,1646860.5936751864,1.433646919449728e-11,16.729370283482858,1.617741978608241e-05,0.778655956485014,40.739465552969904,3.453111037604432e-06,1.0
609.4339622646899,1.000066717183324,4.241318043865677e-09,0.04050757610664088,0.0003335986002409101,0.04050894975263372,3.09269565678632e-08,-2.8365725612511205e-07,2.5367243402888336e-07,-2.6924332198202e-06,-4.418219229816169e-09,6.991684773173162e-08,-5.803133450466364e-07,5.776498207417289e-07,1.216336578230063e-06,4.4699304906365204e-07,-9.979711491242903e-09,1.9472163081792325e-09,-9.979711491242903e-09,3.845819353623028e-07,-2.426138260305028e-07,1.9472163081792313e-09,-2.426138260305028e-07,3.8476125407530605e-07,1646861.7380324644,1.4336458964593125e-11,30.252220806255508,1.6177431027318093e-05,0.7786559567034181,40.73946557147551,9.42496067633338e-06,1.0
609.4339622671216,1.000133450012783,1.7917331949604886e-08,0.040507450648555564,0.0003337118671992771,0.04050882523174173,9.196680918337987e-08,-8.436998724835466e-07,7.63239580856983e-07,-2.6924332183472876e-06,-4.418514047982139e-09,1.3062679757634282e-07,-1.0841426158623355e-06,1.0791663068979722e-06,2.272367483392041e-06,8.350786634861933e-07,-1.8645166450075704e-08,3.6380437280771317e-09,-1.8645166450075704e-08,7.184765797285845e-07,-4.5325184007402545e-07,3.6380437280771317e-09,-4.5325184007402545e-07,7.188116053549093e-07,1646866.7997488577,1.4336413849219854e-11,57.3852935906251,1.6177480749505415e-05,0.778655957500006,40.73946564446304,2.8176879685362873e-05,1.0
609.4339622842984,1.0002670179228224,7.059987273126022e-08,0.04050696728286287,0.0003341499021831741,0.040508345493454015,1.8374090270163613e-07,-1.6859140217927104e-06,1.529556551275155e-06,-2.6924332152901504e-06,-4.419104135778851e-09,1.939436821010123e-07,-1.6094466050098827e-06,1.602058192084744e-06,3.373421477120857e-06,1.2397184586798913e-06,-2.7682499122473327e-08,5.40154289249847e-09,-2.7682499122473327e-08,1.0666023265937492e-06,-6.728683096444487e-07,5.401542892498441e-09,-6.728683096444487e-07,1.0670997489625812e-06,1646886.3022315193,1.4336240228682919e-11,85.67444639590964,1.617767232604207e-05,0.7786559603100666,40.739465912114994,5.637779049705996e-05,1.0
609.4339624015678,1.0005348441465973,2.086700848484246e-07,0.04050569995190475,0.0003352994912963778,0.040507087705562626,2.1413723255109483e-07,-1.965746365650751e-06,1.7841867466883917e-06,-2.692433208427063e-06,-4.4202873596887754e-09,2.1167470184568214e-07,-1.7561565966497648e-06,1.748092691472066e-06,3.6809595657468173e-06,1.3527601757273263e-06,-3.021272798183387e-08,5.895549586410984e-09,-3.021272798183387e-08,1.1638277259260565e-06,-7.342051488390098e-07,5.895549586410988e-09,-7.342051488390098e-07,1.1643706342600368e-06,1646937.43678205,1.4335785157821255e-11,93.57419086102274,1.6178174630300658e-05,0.7786559675041029,40.73946660473608,6.574977060811296e-05,1.0
609.433962976358,1.0010733323605254,5.001205257715047e-07,0.040503022067567916,0.0003377289789052447,0.04050443009991878,2.0056804352293225e-07,-1.843684538932606e-06,1.6731177481477979e-06,-2.6924331916280708e-06,-4.422666328174032e-09,2.042148116732626e-07,-1.6934296815263407e-06,1.6856499328000115e-06,3.5495440167118677e-06,1.3045087854466334e-06,-2.9146793675036508e-08,5.688123297519872e-09,-2.9146793675036508e-08,1.1222552210730218e-06,-7.079828362079186e-07,5.688123297519845e-09,-7.079828362079186e-07,1.1227790151245065e-06,1647045.4889327504,1.4334823680080143e-11,90.19400728091068,1.6179236046796616e-05,0.7786559826433672,40.739468064792156,6.166593676945835e-05,1.0
609.433965415731,1.0021610805369021,1.0347199575800887e-06,0.040498097853320245,0.0003421951754861753,0.04049954355725349,1.627048076819678e-07,-1.501224577630649e-06,1.3614625575526702e-06,-2.6924331463800395e-06,-4.427471825284556e-09,1.8187777353900392e-07,-1.5067004024522882e-06,1.4997715432982156e-06,3.158258258953498e-06,1.1607848754357235e-06,-2.5956610451545618e-08,5.066577972950706e-09,-2.5956610451545618e-08,9.985029794808227e-07,-6.299197654313232e-07,5.066577972950706e-09,-6.299197654313232e-07,9.989695151797467e-07,1647244.1932117315,1.4333055688797456e-11,80.1344577224544,1.6181187956112266e-05,0.7786560106679868,40.73947075834765,5.0201979240555e-05,1.0
609.4339746174641,1.0043728511848575,1.909857605297087e-06,0.040489988000549114,0.0003495451501932552,0.040491496807900186,1.1654782391799938e-07,-1.0863846809941346e-06,9.838926648677815e-07,-2.6924330168173666e-06,-4.437242980131705e-09,1.5154651778492761e-07,-1.2528956461580712e-06,1.2471221924334688e-06,2.6264361005563457e-06,9.654532880800606e-07,-2.1624338453162492e-08,4.222853869334378e-09,-2.1624338453162492e-08,8.302966382364641e-07,-5.238160864310339e-07,4.2228538693343895e-09,-5.238160864310338e-07,8.306854290206313e-07,1647571.4754927615,1.433014376821369e-11,66.46078218336964,1.6184402911202634e-05,0.778656057632835,40.73947523302363,3.6311980490023386e-05,1.0
609.4340069356874,1.0089144090008204,3.293561961832764e-06,0.040476993994409315,0.0003613085108950913,0.04047860666464501,8.367537055883362e-08,-7.986020277925799e-07,7.218844304026167e-07,-2.692432631835429e-06,-4.457306363951276e-09,1.2761814337762157e-07,-1.050711955133104e-06,1.0458499257969671e-06,2.2029251945358117e-06,8.100058160122497e-07,-1.8203834734826584e-08,3.557968470694522e-09,-1.8203834734826584e-08,6.962956200735967e-07,-4.392977408535743e-07,3.5579684706945417e-09,-4.3929774085357424e-07,6.966231230157122e-07,1648095.9183093137,1.4325477974894349e-11,55.56327078376668,1.6189554611127782e-05,0.7786561347354036,40.73948248629686,2.6674856821757044e-05,1.0
609.4341167343629,1.0183890681501278,5.533449016680367e-06,0.04045540838299161,0.00038082455422001427,0.04045720115621918,6.764631249232479e-08,-6.732009655636772e-07,6.075382217708026e-07,-2.6924314528114635e-06,-4.49916189953295e-09,1.1673557247410572e-07,-9.529040930181949e-07,9.484563509558617e-07,1.99847791913602e-06,7.3526978871274e-07,-1.6639866721412627e-08,3.25795007018131e-09,-1.6639866721412627e-08,6.314538841733545e-07,-3.9842595826664227e-07,3.257950070181308e-09,-3.9842595826664227e-07,6.317528783941932e-07,1648967.2302498426,1.4317728122489735e-11,50.277121729415754,1.619811367136682e-05,0.7786562661350686,40.73949466626819,2.247630675178758e-05,1.0
609.4345265927484,1.0390328210907338,1.0451114359294551e-05,0.04040673373683611,0.0004248437358044799,0.04040896846871018,9.345566120295263e-08,-9.470981231956518e-07,8.562293684754408e-07,-2.692427369546356e-06,-4.590354309267882e-09,1.4467743262240846e-07,-1.1594307436255123e-06,1.153917662130183e-06,2.4332593085801505e-06,8.963987881365817e-07,-2.0591723012448927e-08,4.046976849151081e-09,-2.0591723012448927e-08,7.682434300763436e-07,-4.848317704946583e-07,4.0469768491510925e-09,-4.848317704946583e-07,7.686164580214058e-07,1650933.0503152309,1.430027013552295e-11,61.33689078238273,1.6217424289729917e-05,0.7786565590518139,40.739521835225645,3.168055917626761e-05,1.0
609.436135304964,1.0877014260254254,2.0801275659335086e-05,0.04029888277394188,0.0005223513433212187,0.040302273340927654,1.064404696880788e-07,-1.1403393268156132e-06,1.0309273403032774e-06,-2.6924120298918373e-06,-4.805327801732514e-09,1.6804504195788736e-07,-1.2912154401012574e-06,1.2848098198761464e-06,2.7141905741596883e-06,1.0029861302745656e-06,-2.383485233936715e-08,4.725329768520215e-09,-2.383485233936715e-08,8.553843637409277e-07,-5.400633420638454e-07,4.725329768520222e-09,-5.400633420638454e-07,8.55818544150867e-07,1655294.4847952477,1.426166131344839e-11,68.28958879770826,1.626026747677544e-05,0.7786572072155059,40.73958147874054,3.823471628922097e-05,1.0
609.4388030294206,1.146747537242785,3.122295485427619e-05,0.040182720995563644,0.0006272935972528638,0.04018762917537405,1.0212341935929081e-07,-1.1749725207055232e-06,1.061128682999007e-06,-2.6923870242246736e-06,-5.066116850431374e-09,1.7975970916143158e-07,-1.3156359946985592e-06,1.308782011416414e-06,2.7709873386543095e-06,1.0278478286740267e-06,-2.539340098146755e-08,5.085561046561605e-09,-2.539340098146755e-08,8.713364456539349e-07,-5.504031877841513e-07,5.085561046561605e-09,-5.504031877841513e-07,8.71803444149587e-07,1660001.4585683083,1.4220183160994739e-11,69.4500766884869,1.6306504960956752e-05,0.7786579125858352,40.73964542227651,3.947733392698562e-05,1.0
609.4425050139113,1.216602262469016,4.120229011486843e-05,0.04006342164221227,0.0007349514866276028,0.040070183490946105,9.529456341228356e-08,-1.180352937870449e-06,1.064606514612166e-06,-2.692352520277368e-06,-5.374620477872372e-09,1.9066653266471177e-07,-1.3214365927747359e-06,1.3141654241579267e-06,2.789787606395658e-06,1.0394771888881592e-06,-2.681082719956511e-08,5.431560329659422e-09,-2.681082719956511e-08,8.749063725521721e-07,-5.529457942290766e-07,5.4315603296594574e-09,-5.529457942290766e-07,8.7540382673015e-07,1664845.9559452916,1.417769228890871e-11,69.59946342573458,1.635409336523397e-05,0.7786586533740792,40.739711250899155,3.973998528861159e-05,1.0
609.4471852863661,1.2974126045467544,5.0482582391769896e-05,0.039943915976442215,0.0008426577197606674,0.03995283524428364,8.721455844781311e-08,-1.1680549021424948e-06,1.0520547364475339e-06,-2.6923089597341476e-06,-5.731482011935032e-09,2.0150318351080817e-07,-1.3160466308191932e-06,1.3085047523505845e-06,2.7860944300994626e-06,1.0435249122276047e-06,-2.8191668495515732e-08,5.783979066421709e-09,-2.8191668495515732e-08,8.710205962606056e-07,-5.507861503308721e-07,5.783979066421668e-09,-5.507861503308721e-07,8.715492991788459e-07,1669709.3319337436,1.4135231639618954e-11,69.1448352361232,1.640186721764437e-05,0.7786594201037437,40.739777771617725,3.940680227410932e-05,1.0
609.4589658445581,1.4886148305880165,6.705293670654995e-05,0.03971004825096068,0.0010529594140763065,0.0397240626285585,7.623110420563518e-08,-1.1557747159155644e-06,1.0378011919304954e-06,-2.6921990878563156e-06,-6.5757462170153515e-09,2.2832236033063037e-07,-1.3131115156267577e-06,1.304623287217331e-06,2.798353613785895e-06,1.0611154647262959e-06,-3.1592354750868803e-08,6.664470950359784e-09,-3.1592354750868803e-08,8.683162438514461e-07,-5.496618676881906e-07,6.664470950359784e-09,-5.496618676881906e-07,8.689224479277409e-07,1679257.9325751327,1.4052415717187712e-11,68.65735702804767,1.6495664908559232e-05,0.7786610216554505,40.739911308244444,3.9150160401982146e-05,1.0
609.4739669505867,1.7221857189700176,8.233722740631865e-05,0.03947602161069705,0.0012627390687483182,0.03949629820100842,7.257197576326231e-08,-1.1603880629420953e-06,1.0385159774980381e-06,-2.6920584108113997e-06,-7.606927943008263e-09,2.62943548681778e-07,-1.320974927143391e-06,1.3112993756578856e-06,2.8383466352573933e-06,1.0924500311401103e-06,-3.594526046388185e-08,7.819637581080381e-09,-3.594526046388185e-08,8.725945632290006e-07,-5.529326851295623e-07,7.819637581080381e-09,-5.529326851295623e-07,8.733022656001428e-07,1688855.2084394617,1.3969880806474936e-11,68.75463956073187,1.6589940745297546e-05,0.7786628014997439,40.74005182073785,3.9470442395395226e-05,1.0
609.4920942826474,1.9982408718922107,9.759915546805253e-05,0.039239962804974916,0.0014736063021780013,0.039267744040940036,7.559300953068556e-08,-1.1751033968714423e-06,1.0478959313706238e-06,-2.6918871188909847e-06,-8.825444848171638e-09,3.0514546230333394e-07,-1.3351807741114755e-06,1.3240320249283725e-06,2.896895759899227e-06,1.1344039105588383e-06,-4.1186386774033596e-08,9.259530322653642e-09,-4.1186386774033596e-08,8.808289813499295e-07,-5.586787356978121e-07,9.259530322653665e-09,-5.586787356978121e-07,8.816616612043698e-07,1698579.2918201773,1.3886932216316829e-11,69.19843655159754,1.6685462235998616e-05,0.7786648330265128,40.74020366071081,4.0141929844167904e-05,1.0
609.5134681478414,2.31703569468909,0.00011398932981335246,0.03900117721384287,0.001686085976503815,0.039037772779105244,8.403695852724207e-08,-1.1903406915234907e-06,1.0571890641422284e-06,-2.6916833811417414e-06,-1.0232302974138834e-08,3.539255809434121e-07,-1.349378978554936e-06,1.3365645339508953e-06,2.9607107677002507e-06,1.1820397609759095e-06,-4.7149255085930645e-08,1.097350748066785e-08,-4.7149255085930645e-08,8.888418437813851e-07,-5.6425415882593e-07,1.097350748066785e-08,-5.6425415882593e-07,8.898269937639855e-07,1708459.457997859,1.3803295870928601e-11,69.6561900172354,1.6782516957221808e-05,0.7786671919248959,40.740370826106485,4.0838561792564276e-05,1.0
609.538319324965,2.6787362070168825,0.00013220855962307808,0.03876034184352574,0.001899475564315578,0.03880708165205987,9.599773042506388e-08,-1.1977043656459016e-06,1.0587973765012812e-06,-2.69144427332775e-06,-1.1828082001662598e-08,4.077257908468678e-07,-1.3581260336506846e-06,1.3435357176079052e-06,3.0178055801852974e-06,1.2305433055473419e-06,-5.360266954085892e-08,1.2931591698806422e-08,-5.360266954085892e-08,8.930518572403184e-07,-5.673861712007626e-07,1.2931591698806422e-08,-5.673861712007626e-07,8.94207429188008e-07,1718467.0118567478,1.3719172125966732e-11,69.84237876460874,1.6880823031475357e-05,0.7786699560301028,40.740556977755304,4.126792685512729e-05,1.0
609.5671319886789,3.0835193007502064,0.0001531969801206667,0.03851773850433505,0.002113398848207564,0.038575978321938355,1.1244910466602022e-07,-1.206422145930074e-06,1.0610494787916565e-06,-2.69116451211704e-06,-1.3613361480850026e-08,4.6802485079936643e-07,-1.3675394324016627e-06,1.351027212856957e-06,3.0815513382042905e-06,1.2852150524703402e-06,-6.072190376415603e-08,1.520184502707687e-08,-6.072190376415603e-08,8.974895115616753e-07,-5.70641468102769e-07,1.520184502707687e-08,-5.70641468102769e-07,8.98841721100436e-07,1728587.8372799098,1.3634619579325698e-11,70.07502675141775,1.6980241793501088e-05,0.7786732127019265,40.74076615465802,4.1750508996982134e-05,1.0
609.600553503949,3.5315018342442728,0.00017800449530118526,0.03827331483140686,0.002327776718547575,0.03834445016212578,1.3416249909654557e-07,-1.2161268608948667e-06,1.06359754508301e-06,-2.6908372576597308e-06,-1.5588399086019874e-08,5.348790128078238e-07,-1.3775386272151356e-06,1.358980568008655e-06,3.1518609996436336e-06,1.3460797579784586e-06,-6.849111401360415e-08,1.7809580919395674e-08,-6.849111401360415e-08,9.02098459852193e-07,-5.739938253569227e-07,1.7809580919395674e-08,-5.739938253569226e-07,9.036761207793409e-07,1738820.706865816,1.3549578490149256e-11,70.34614192536948,1.70807611863041e-05,0.778677059651519,40.74100287355638,4.2279224180416147e-05,1.0
609.6394671574297,4.022804748124282,0.00020775051288201058,0.03802675082956027,0.0025427625014466156,0.038112236618543245,1.6153016161345815e-07,-1.227971019552975e-06,1.0673748007835214e-06,-2.690453470765406e-06,-1.775339291477928e-08,6.087643772580539e-07,-1.3890163841092311e-06,1.3683044047442821e-06,3.23090788923238e-06,1.4141458525828947e-06,-7.694900545030036e-08,2.07995423534289e-08,-7.694900545030036e-08,9.074584449072544e-07,-5.778223261095649e-07,2.0799542353428948e-08,-5.778223261095649e-07,9.092982897922137e-07,1749174.359868091,1.34638987712296e-11,70.69834402400151,1.7182467057208114e-05,0.778681603557286,40.741271974053866,4.290015962284864e-05,1.0
609.6849843393934,4.557579340550905,0.00024362021583512189,0.037777560866504696,0.002758651045426876,0.03787893360989015,1.9492924510102363e-07,-1.2424642890836086e-06,1.072814056118509e-06,-2.69000198296459e-06,-2.0108577016841317e-08,6.901821162726667e-07,-1.4024904970781713e-06,1.3795307834747692e-06,3.320135992727488e-06,1.4901943545627996e-06,-8.61351705558102e-08,2.421968354989434e-08,-8.61351705558102e-08,9.138984777398465e-07,-5.823469387587381e-07,2.421968354989437e-08,-5.823469387587381e-07,9.160340683418576e-07,1759663.348070762,1.3377377660717291e-11,71.15486999127882,1.7285502351110676e-05,0.7786869598394379,40.74157858089371,4.364091598826081e-05,1.0
609.7384185441861,5.136029333929938,0.0002868970172281836,0.03752512693321743,0.002975846632028313,0.0376440317238992,2.3510858504357531e-07,-1.2604579868562896e-06,1.0806110031348075e-06,-2.6894697269996055e-06,-2.2654297302713774e-08,7.799209959185455e-07,-1.418721811227571e-06,1.3934326318148368e-06,3.4216984238328537e-06,1.5754126745118216e-06,-9.612290363843554e-08,2.813371731388568e-08,-9.612290363843554e-08,9.219005805948598e-07,-5.878844834478686e-07,2.813371731388568e-08,-5.878844834478686e-07,9.243743515325221e-07,1770306.7864683142,1.3289772981167253e-11,71.75163431996555,1.739005483817958e-05,0.7786932532539101,40.74192814185896,4.454431262334454e-05,1.0
609.8014247378027,5.758475745817381,0.0003389771125589215,0.03726867292662948,0.0031948815067498436,0.03740689983194405,2.8240827945260496e-07,-1.2826007082753986e-06,1.091281230807341e-06,-2.688840503320887e-06,-2.5391253930576244e-08,8.789232310390625e-07,-1.4383265187357209e-06,1.41064116335983e-06,3.537584613910411e-06,1.6710169902455193e-06,-1.0700057545746103e-07,3.261769312953714e-08,-1.0700057545746103e-07,9.318452863699347e-07,-5.94688313636795e-07,3.261769312953711e-08,-5.94688313636795e-07,9.347064015379376e-07,1781128.635858694,1.3200800257765357e-11,72.51719683134074,1.7496359889816797e-05,0.7787006164811401,40.74232623232571,4.564789179427957e-05,1.0
609.8759415405907,6.425358989930086,0.0004014962864473388,0.03700715043929487,0.003416508241224612,0.037166690886693006,3.387584263050679e-07,-1.3109132669416688e-06,1.106471847315678e-06,-2.688095492658141e-06,-2.8320478581121375e-08,9.890152594837057e-07,-1.462886982437316e-06,1.4326484944269836e-06,3.6723966879254218e-06,1.7796058003649246e-06,-1.1895848514872256e-07,3.778881655915767e-08,-1.1895848514872256e-07,9.447298302106874e-07,-6.03406144846113e-07,3.778881655915767e-08,-6.03406144846113e-07,9.480388579581352e-07,1792162.9574211994,1.3110097299752444e-11,73.52942079369424,1.7604752095360382e-05,0.7787091924460281,40.742778745125925,4.7046955604256136e-05,1.0
609.96431069346,7.137316750946568,0.000476509119872265,0.03673911611818162,0.0036418165484684672,0.036922249956621724,4.0669140805462624e-07,-1.3475719456984538e-06,1.1281226750087785e-06,-2.6872121963077936e-06,-3.144361774257028e-08,1.1127082744434005e-06,-1.4941956885437454e-06,1.4613848991937063e-06,3.831697005424592e-06,1.904497309394235e-06,-1.3225888534556586e-07,4.380372887737587e-08,-1.3225888534556586e-07,9.61669373756614e-07,-6.147805182302883e-07,4.380372887737589e-08,-6.147805182302883e-07,9.655001147514786e-07,1803458.4102156982,1.3017193223745358e-11,74.87618220976167,1.771570944186091e-05,0.7787191346343303,40.74329182063233,4.8856370991645554e-05,1.0
610.0693050683524,7.8952296781358635,0.0005666666293119767,0.03646263337540047,0.0038722985613726404,0.036672052572579744,4.895343449090399e-07,-1.3951842855953776e-06,1.1582108463981836e-06,-2.686164186701157e-06,-3.4763072049351046e-08,1.2533546511832972e-06,-1.5342775383233706e-06,1.498789609376195e-06,4.022183334093287e-06,2.0498814625915788e-06,-1.472489787762974e-07,5.087123754139388e-08,-1.472489787762974e-07,9.839072040124316e-07,-6.295921778887411e-07,5.087123754139388e-08,-6.295921778887411e-07,9.883522454091531e-07,1815082.2078642498,1.2921486307907809e-11,76.65630310503927,1.7829892181305452e-05,0.7787306091343249,40.74387193440943,5.1216114695285366e-05,1.0
610.1943184890342,8.70032821277134,0.0006753427792656584,0.036175255481333386,0.0041098635407355675,0.03641423039599649,5.910383126399153e-07,-1.456115662367526e-06,1.1987580244286656e-06,-2.6849194244149657e-06,-3.828236269898195e-08,1.4150349930275817e-06,-1.585079398987414e-06,1.546803001799953e-06,4.250998297732454e-06,2.2205582130463233e-06,-1.6434722484751036e-07,5.9254122079507596e-08,-1.6434722484751036e-07,1.0126108079686541e-06,-6.486242238695437e-07,5.92541220795076e-08,-6.486242238695437e-07,1.017833266801755e-06,1827119.1129672937,1.2822256397941496e-11,78.96369623442328,1.794813295257961e-05,0.778743794773497,40.7445257118824,5.4278700788953625e-05,1.0
610.3434612265801,9.554249787401785,0.0008067793461393811,0.03587398952580358,0.004356852571606393,0.036146592947905,7.16123819540274e-07,-1.5333545235966505e-06,1.2520182450360722e-06,-2.6834394182837595e-06,-4.200626716000059e-08,1.6029899635695971e-06,-1.6488698582176685e-06,1.607663121968115e-06,4.5268246330623614e-06,2.422460586711451e-06,-1.8408210568879936e-07,6.929575596455305e-08,-1.8408210568879936e-07,1.0491249983673418e-06,-6.727547512222839e-07,6.929575596455305e-08,-6.727547512222839e-07,1.0552356810922345e-06,1839671.2821660829,1.2718673757836285e-11,81.90673909397522,1.8071435259486833e-05,0.7787588851980827,40.74525991914944,5.8238597070790874e-05,1.0
610.5218512692297,10.459171796381105,0.0009663013835322229,0.035555265540550746,0.0046160529239134,0.035866677998098194,8.70658483776463e-07,-1.6297224833430002e-06,1.3202082655570867e-06,-2.681676659334181e-06,-4.594121704900751e-08,1.823387214072769e-06,-1.727743085022289e-06,1.6835048186013379e-06,4.858873512429098e-06,2.662394963079929e-06,-2.0706216760891894e-07,8.142429699271865e-08,-2.0706216760891894e-07,1.0946464920745427e-06,-7.02796376488746e-07,8.142429699271865e-08,-7.02796376488746e-07,1.1018466295141035e-06,1852855.612745725,1.2609821645119957e-11,85.58620930708759,1.8200947405933532e-05,0.7787760894474715,40.746081179817466,6.331506413544251e-05,1.0
610.7357652662105,11.41786154348161,0.0011605630703552066,0.03521493468125149,0.004890689038510906,0.035571862061417193,1.061873754158076e-06,-1.7480328733364518e-06,1.4053975544278575e-06,-2.6795733253114733e-06,-5.00953095659579e-08,2.083405366058905e-06,-1.823732710047016e-06,1.776396983214238e-06,5.25699417181294e-06,2.9478698024552045e-06,-2.339803176221952e-07,9.616529383331106e-08,-2.339803176221952e-07,1.1502994771068563e-06,-7.395093271648884e-07,9.616529383331106e-08,-7.395093271648884e-07,1.1588368055547545e-06,1866798.8594908803,1.249473759081238e-11,90.09732440027463,1.833791452788884e-05,0.7787956344352842,40.74699588164852,6.97629968858228e-05,1.0
610.993060020994,12.433816461069537,0.0013976962130713912,0.03484834958466529,0.00518434634088747,0.03525958692981738,1.2970559237003717e-06,-1.8903269829546732e-06,1.5090007444421584e-06,-2.6770576259430552e-06,-5.4478594528616696e-08,2.3905814018987077e-06,-1.9381592251070973e-06,1.8877765941899208e-06,5.730000615030868e-06,3.2863887668824386e-06,-2.6553385271154015e-07,1.1412773510819655e-07,-2.6553385271154015e-07,1.2167195232132921e-06,-7.833490773504512e-07,1.1412773510819651e-07,-7.833490773504512e-07,1.2269600643399199e-06,1881624.704174165,1.2372500885052917e-11,95.49988460254221,1.8483551574549546e-05,0.7788177645558273,40.74800963332243,7.783953483831613e-05,1.0
611.3032569861753,13.511222706553935,0.0016872438665668382,0.03445059787609314,0.005500765960921127,0.03492776706350363,1.5825450097255504e-06,-2.05698098378682e-06,1.6309728675177115e-06,-2.6740432098876898e-06,-5.9102569670355945e-08,2.751834476992064e-06,-2.0710675451467797e-06,2.0178924023573377e-06,6.283764861107694e-06,3.6841257950531468e-06,-3.0231706494298454e-07,1.3597002529796444e-07,-3.0231706494298454e-07,1.2937100310527099e-06,-8.342492660966239e-07,1.3597002529796438e-07,-8.342492660966239e-07,1.3059823871238464e-06,1897432.1292050937,1.2242378431968795e-11,101.7910778179192,1.8638830868646735e-05,0.7788427435341554,40.74912706697194,8.775938338812e-05,1.0
611.6780833821214,14.655097199910307,0.0020398813520092324,0.034016743678437676,0.005843647171308837,0.03457525384834579,1.9230322081136943e-06,-2.247893723089918e-06,1.7709961260301146e-06,-2.670424618305083e-06,-6.398027558859934e-08,3.173786785721796e-06,-2.221797633841693e-06,2.166397395615661e-06,6.922598577445014e-06,4.146672074079337e-06,-3.448519619905907e-07,1.6241561397632894e-07,-3.448519619905907e-07,1.3806135155074595e-06,-8.918564947471919e-07,1.6241561397632897e-07,-8.918564947471919e-07,1.3953893636289926e-06,1914265.4295082306,1.210399724761121e-11,108.93530709074805,1.880418752751324e-05,0.7788708523244094,40.75035098117386,9.97194796159257e-05,1.0
612.1313254421117,15.871080139072683,0.0024673724784764414,0.03354201521734402,0.006216494822645088,0.03420233207937806,2.325189489011178e-06,-2.461870098719506e-06,1.9277505912925457e-06,-2.6660789927797504e-06,-6.912495994375822e-08,3.663250168669156e-06,-2.389526769698747e-06,2.3328795496054625e-06,7.65072487789474e-06,4.679679473337011e-06,-3.93651377019979e-07,1.9429394403923683e-07,-3.93651377019979e-07,1.4766580274083617e-06,-9.557537829121358e-07,1.942939440392369e-07,-9.557537829121358e-07,1.4944958245261334e-06,1932083.1704350733,1.1957515609791412e-11,116.89225537827431,1.897921453084322e-05,0.7789023915683511,40.75168233996718,0.00011392805887193788,1.0
612.6796038830732,17.165689769202974,0.0029829991690210563,0.03302148372303794,0.006622918732976157,0.033810940889848755,2.798475961781391e-06,-2.7022776311401494e-06,2.1041160382384417e-06,-2.660859782965467e-06,-7.455037390546283e-08,4.231092849325736e-06,-2.5756332387027413e-06,2.5191936874240586e-06,8.480048214428937e-06,5.293763149634701e-06,-4.496187193278939e-07,2.3276207064732398e-07,-4.496187193278939e-07,1.582410859289833e-06,-1.0263977045309797e-06,2.3276207064732393e-07,-1.0263977045309797e-06,1.6039976429047345e-06,1950732.499624686,1.18037062173923e-11,125.73352874179658,1.9162410381292178e-05,0.7789376815856592,40.75311938747921,0.00013080944958701994,1.0
613.3420282132466,18.545905615778864,0.003602637250089605,0.03245015755424761,0.007066540280725162,0.03340550421697505,3.3596317449898147e-06,-2.9659969645993144e-06,2.2969816325935753e-06,-2.654600710723559e-06,-8.026838527938226e-08,4.887709884984588e-06,-2.780411744650376e-06,2.7262950760329284e-06,9.420076565664024e-06,5.99857023579634e-06,-5.135496893028013e-07,2.791047610172268e-07,-5.135496893028013e-07,1.697732717582506e-06,-1.1038132189966935e-06,2.7910476101722697e-07,-1.1038132189966935e-06,1.7239206264205576e-06,1969891.113902344,1.1644238658922772e-11,135.48258433157085,1.9350609034462717e-05,0.7789770616931363,40.75465767212551,0.00015075090090419711,1.0
614.141644850393,20.01990380359171,0.004344663997322696,0.03182213203672051,0.007551803453091981,0.032993240641171304,4.014678072923472e-06,-3.2651691743232857e-06,2.517660153504902e-06,-2.6471041123457607e-06,-8.629079322598919e-08,5.6491098107835144e-06,-3.0065147256275954e-06,2.9576443214826606e-06,1.0489626323317904e-05,6.810194215763434e-06,-5.867595086527482e-07,3.351138083659482e-07,-5.867595086527482e-07,1.8238793800309516e-06,-1.188948984191042e-06,3.3511380836594823e-07,-1.188948984191042e-06,1.8557324596132292e-06,1989020.5652871828,1.1481786737564557e-11,146.28425488772473,1.953852121507989e-05,0.7790208994042285,40.756289204267915,0.0001744232354890033,1.0
615.1046663817858,21.595895739504712,0.0052292857193046135,0.031133438403099664,0.008081465034273776,0.032587520510678834,4.77316701644452e-06,-3.5653213912057004e-06,2.735371115469838e-06,-2.6381497437921417e-06,-9.262359713066099e-08,6.508091314941864e-06,-3.2439294928234124e-06,3.2044628111310316e-06,1.1663955976447227e-05,7.716655234262795e-06,-6.680940894089902e-07,4.013885856078626e-07,-6.680940894089902e-07,1.9544081351303442e-06,-1.2777079340568974e-06,4.013885856078626e-07,-1.2777079340568976e-06,1.9931129812740215e-06,2007142.5977126479,1.1321191580045281e-11,157.6716210612826,1.971653733074242e-05,0.7790695662891496,40.758001588951316,0.00020117138263169403,1.0
616.2619924994226,23.283327275662685,0.0062752643319561405,0.03037979218640033,0.008658793228444166,0.032206915653283874,5.61368300401243e-06,-3.904024636811977e-06,2.98579629515594e-06,-2.627483506025758e-06,-9.927037384552102e-08,7.483201540108518e-06,-3.496530314610323e-06,3.4718259238341653e-06,1.2966748080625045e-05,8.73714761042158e-06,-7.590188293264194e-07,4.80225467194637e-07,-7.590188293264194e-07,2.091320925892202e-06,-1.3716300080078032e-06,4.80225467194637e-07,-1.371630008007803e-06,2.1383663597934795e-06,2022847.7903043428,1.1169074248760928e-11,169.8694208583832,1.987081237645842e-05,0.7791234935854016,40.75978098081979,0.0002316651950891554,1.0
617.6482528004408,25.092510066646778,0.007501527906610949,0.029556330374551618,0.009287859776807808,0.03187654192940241,6.5564775638551686e-06,-4.2634117021651714e-06,3.254027308307318e-06,-2.6148288706171764e-06,-1.0622975044619653e-07,8.58029608891048e-06,-3.7613055105261457e-06,3.758307744633684e-06,1.4397351785866258e-05,9.87560882426376e-06,-8.596209908279999e-07,5.733961855514845e-07,-8.596209908279999e-07,2.232440459308288e-06,-1.469449741459352e-06,5.733961855514845e-07,-1.469449741459352e-06,2.289595351571871e-06,2034195.8597560178,1.1034213105882256e-11,182.77678186334765,1.9982286586228462e-05,0.7791832325011211,40.76161815911384,0.0002657346196373034,1.0
619.3024116954433,27.03413574762735,0.008931170212220913,0.028659823117606564,0.00997148527493952,0.03163197403072551,7.633632971657173e-06,-4.628039931786478e-06,3.526835457841163e-06,-2.599885887144944e-06,-1.134916749460062e-07,9.813522101568863e-06,-4.038962976939839e-06,4.066468397269028e-06,1.597040172210202e-05,1.114573296620845e-05,-9.707471187408776e-07,6.834441959231223e-07,-9.707471187408776e-07,2.3778169417410673e-06,-1.5713627740107539e-06,6.834441959231223e-07,-1.5713627740107539e-06,2.447070603892643e-06,2038468.382021134,1.0928820723463843e-11,196.48924407307655,2.0024256371949017e-05,0.7792494955743141,40.76351355341123,0.0003034404491268992,1.0
621.2680757901759,29.120002172512397,0.010592355241741574,0.027684173219253337,0.010715438328527022,0.03151875719271526,8.860613128325822e-06,-5.045749664659081e-06,3.850230395849259e-06,-2.5823332932295e-06,-1.210388140632402e-07,1.1219819192193416e-05,-4.338449759592879e-06,4.4076399128082514e-06,1.7734969974885832e-05,1.2586453667182477e-05,-1.0953678476259585e-06,8.14918967003251e-07,-1.0953678476259585e-06,2.5322746504706615e-06,-1.6808108541236643e-06,8.14918967003251e-07,-1.6808108541236643e-06,2.6165306648700423e-06,2032274.423092588,1.0868171899772039e-11,211.52272879132434,1.99634119543282e-05,0.7793233307350773,40.76549283733027,0.00034580301014979994,1.0
623.5945859763162,31.362335763446776,0.012514905829598055,0.026627292935924925,0.011522369939085482,0.03159747784289761,1.0228542067757742e-05,-5.438410458562337e-06,4.156297466348551e-06,-2.561826254193795e-06,-1.2884148925996353e-07,1.2766994922005028e-05,-4.641085830937681e-06,4.76569975902819e-06,1.962992221197192e-05,1.415874403070649e-05,-1.2295622966948146e-06,9.677368564145563e-07,-1.2295622966948146e-06,2.6844584220252725e-06,-1.7905205280730517e-06,9.677368564145563e-07,-1.7905205280730517e-06,2.786707303182777e-06,2011446.1224383756,1.083122336180864e-11,227.07125411168064,1.9758811659435e-05,0.7794439602875055,40.771392797992235,0.0003895084656112027,1.0
626.3374449563279,33.77401274808778,0.014726731217351768,0.02548810395384228,0.012394775352259057,0.03193979510803039,1.1723963506798954e-05,-5.851110161725867e-06,4.4904268376278006e-06,-2.5380010838787123e-06,-1.3685670823585685e-07,1.4474327034715873e-05,-4.949697949991093e-06,5.146264217642578e-06,2.1677665797398177e-05,1.5882318966116392e-05,-1.3744210053117075e-06,1.1456838344089345e-06,-1.3744210053117075e-06,2.835724093786588e-06,-1.9016205979530755e-06,1.1456838344089345e-06,-1.9016205979530755e-06,2.959605530489332e-06,1971754.1199630757,1.080742171033368e-11,243.40409184182525,1.9368909691618656e-05,0.7796438470261206,40.784368145122265,0.00043366025175811467,1.0
629.5574114556636,36.368327855106195,0.017249948482927796,0.02426812276050279,0.013333611319145393,0.03262342250274392,1.3307869567293612e-05,-6.241560863759977e-06,4.817817331318555e-06,-2.51049278334214e-06,-1.4502636766892383e-07,1.6309758686907517e-05,-5.249811211909225e-06,5.537493806612837e-06,2.3825448179862085e-05,1.772081461350378e-05,-1.5260921766218821e-06,1.3487334797925294e-06,-1.5260921766218821e-06,2.97756341080077e-06,-2.0086229000170827e-06,1.3487334797925294e-06,-2.0086229000170827e-06,3.1270614989704693e-06,1909921.4301386452,1.087920583694256e-11,259.9387423195045,1.876151560882009e-05,0.7798690197891546,40.79892577701068,0.0004741466017465776,1.0
633.3193227928016,39.158820519536455,0.020103140909418046,0.02296943111552097,0.014340297649267255,0.03372499335602841,1.498646504145662e-05,-6.628124734862353e-06,5.160893701735961e-06,-2.4789556408005926e-06,-1.532765155276362e-07,1.82851234080195e-05,-5.5434405731972924e-06,5.944620345918778e-06,2.6088792652895654e-05,1.9686853965097933e-05,-1.6848995243061638e-06,1.5803359462033856e-06,-1.6848995243061638e-06,3.1110832366260263e-06,-2.1124351621358655e-06,1.5803359462033856e-06,-2.1124351621358655e-06,3.290842931053363e-06,1824769.7376415702,1.1067433109949244e-11,276.9349020246242,1.7925054599120152e-05,0.7801196132944472,40.81498087408891,0.0005094218991794539,1.0
637.6921900168296,42.15939795399099,0.02330842999164397,0.021595270983679093,0.015416182972653982,0.03531709692174949,1.680813866922346e-05,-6.990918962896728e-06,5.505923823649337e-06,-2.443074157166119e-06,-1.615176369344578e-07,2.0415768890314892e-05,-5.83320334082304e-06,6.373990388504985e-06,2.848769729753297e-05,2.1796427244116194e-05,-1.8513880690357903e-06,1.8445505720524777e-06,-1.8513880690357903e-06,3.237711355930521e-06,-2.214214783156411e-06,1.8445505720524777e-06,-2.214214783156411e-06,3.45331564423094e-06,1717755.3193841525,1.138993795590565e-11,294.7118863504464,1.6873831943139168e-05,0.7803951340074715,40.83238535932644,0.0005385056448624257,1.0
642.7491116075815,45.38406880774467,0.026887846282666727,0.020151262099615846,0.01656151648073631,0.037460825806026075,1.8701909334585396e-05,-7.317154374500257e-06,5.847193103110057e-06,-2.4025764919191515e-06,-1.6964425909887545e-07,2.265769267396692e-05,-6.105364866634597e-06,6.814018777372996e-06,3.096031584329718e-05,2.40032221610713e-05,-2.0206817264832352e-06,2.1401614679433422e-06,-2.0206817264832352e-06,3.3498962810947676e-06,-2.308876750476479e-06,2.1401614679433422e-06,-2.308876750476479e-06,3.6071775831460866e-06,1593097.6982157866,1.1858884987618432e-11,312.77490093230256,1.564929680341936e-05,0.7806948119011238,40.85096687794519,0.0005583514208842704,1.0
648.5667288848109,48.84676728703041,0.030854128270791426,0.01864517908330816,0.01777564693526273,0.04019444685981135,2.0618769488515297e-05,-7.6037114001845435e-06,6.186558811123675e-06,-2.35725143911864e-06,-1.7753626166058848e-07,2.4976046684629442e-05,-6.351461560713209e-06,7.2581804049082e-06,3.346285613632636e-05,2.6271061563052382e-05,-2.188949299731074e-06,2.466152738109279e-06,-2.188949299731074e-06,3.4433290287710833e-06,-2.393500919546859e-06,2.466152738109279e-06,-2.393500919546859e-06,3.748555296606607e-06,1457238.7265224662,1.247712156835426e-11,330.9019418525154,1.4314728701401968e-05,0.7810180777310795,40.87058066626859,0.0005679969138863789,1.0
655.2233631075726,52.561207124234414,0.03520304765161696,0.01708720636967395,0.01905653155917779,0.04352445956640679,2.246886980125068e-05,-7.8309002108945e-06,6.508783063721285e-06,-2.3069735829442713e-06,-1.8506256515057043e-07,2.730371103918789e-05,-6.557568677430405e-06,7.692252110407495e-06,3.591282044344209e-05,2.853136911797371e-05,-2.3497921747105884e-06,2.8174987271133058e-06,-2.3497921747105884e-06,3.511082414029643e-06,-2.4630982899763717e-06,2.8174987271133058e-06,-2.4630982899763717e-06,3.8703570143755434e-06,1317542.7296632547,1.3235751599651184e-11,348.5553823836207,1.2942468783163594e-05,0.7813649259898796,40.89114995687334,0.0005667744153500917,1.0
662.7949725412982,56.540374972718766,0.03991738616274473,0.015490038654537531,0.02040027649294953,0.04742900269427495,2.4232477577781786e-05,-7.989596544234406e-06,6.8071143839221205e-06,-2.251739474803314e-06,-1.920868436254159e-07,2.9608887286638102e-05,-6.72125364340935e-06,8.113604768613218e-06,3.827942568228486e-05,3.0754355234404356e-05,-2.5002579464275383e-06,3.1916173208782616e-06,-2.5002579464275383e-06,3.552752321428008e-06,-2.5170518374071146e-06,3.1916173208782616e-06,-2.5170518374071146e-06,3.9722890119431594e-06,1180622.9724565595,1.4116083172535458e-11,365.76000958040515,1.1597480386545209e-05,0.7817358816049468,40.91266762567918,0.0005567905029786167,1.0
671.354248029661,60.79631293311814,0.044988005584973935,0.013869329331455935,0.02180119254370894,0.0518803521474739,2.603220340540831e-05,-8.06170116651272e-06,7.07400695686419e-06,-2.1916743479993883e-06,-1.9847304146732914e-07,3.193253457458099e-05,-6.856800831589121e-06,8.539166566419109e-06,4.0625893944436296e-05,3.298514749986537e-05,-2.643659731624507e-06,3.59325282946741e-06,-2.643659731624507e-06,3.576787252227027e-06,-2.560966335219797e-06,3.59325282946741e-06,-2.560966335219797e-06,4.063956844154019e-06,1051015.703778557,1.50974912236789e-11,383.44325168356596,1.0324323933118554e-05,0.7821315930872978,40.93516007204458,0.0005426924303891631,1.0
680.9723165483954,65.34041937630779,0.05041508106149015,0.0122404365129336,0.02325448199543782,0.05685314078694265,2.7796725882416484e-05,-8.072391943407981e-06,7.329125167723815e-06,-2.127016631386176e-06,-2.040907616033422e-07,3.422166109464519e-05,-6.956933853834116e-06,8.95944658056977e-06,4.2893409223722424e-05,3.5171319592888455e-05,-2.7754774167782375e-06,4.016632566683165e-06,-2.7754774167782375e-06,3.5802056211211583e-06,-2.592325118425209e-06,4.016632566683165e-06,-2.592325118425209e-06,4.141882643141224e-06,931256.010754059,1.6160335122333817e-11,401.35928177181876,9.147902058097486e-06,0.7825525343712417,40.95866018571507,0.000525188683755787,1.0
691.7165196364292,70.18249996360274,0.05615304766514223,0.010618734923092414,0.024753332535065502,0.06227880670855994,2.9079771123515574e-05,-7.995003873040583e-06,7.5284802876089415e-06,-2.0581251560389453e-06,-2.0882018079416994e-07,3.6193076035591334e-05,-6.971966107522681e-06,9.306034777958227e-06,4.474137229189667e-05,3.7025506548922645e-05,-2.87333335074903e-06,4.426459523905962e-06,-2.87333335074903e-06,3.5387361698359892e-06,-2.592822653126985e-06,4.426459523905962e-06,-2.5928226531269845e-06,4.1771232237973336e-06,823034.5581504864,1.7273012472365236e-11,416.6492235853521,8.084822477863803e-06,0.7829991071680228,40.9832243866706,0.0004991145652888866,1.0
703.6450809440665,75.33074516650181,0.06214615283126508,0.009021173445644338,0.02628849356278852,0.0680779757033369,3.023345980034041e-05,-7.828813165053251e-06,7.68097987557977e-06,-1.985494669422307e-06,-2.1256283461972914e-07,3.801381690852859e-05,-6.945197600577681e-06,9.628068222412303e-06,4.639539551801058e-05,3.872372143821709e-05,-2.951873584089152e-06,4.838798247410963e-06,-2.951873584089152e-06,3.476079987395518e-06,-2.578751560355904e-06,4.838798247410963e-06,-2.578751560355904e-06,4.195634544003952e-06,726773.9365549405,1.840310281425661e-11,431.7296932924291,7.1392363788333e-06,0.7834711513849667,41.00888297890663,0.00047241871745915004,1.0
716.8053071254266,80.79162739494552,0.0683480916252855,0.007463597673576223,0.027851208706039424,0.07418124254445191,3.1193762170937485e-05,-7.5964869444911395e-06,7.800305901692259e-06,-1.9097388345850407e-06,-2.1524799943822723e-07,3.9629089019507894e-05,-6.873649547551483e-06,9.914932143832728e-06,4.780062225069775e-05,4.021332383829585e-05,-3.007866787586589e-06,5.243402932842438e-06,-3.007866787586589e-06,3.3918698477620854e-06,-2.5490722761035007e-06,5.243402932842438e-06,-2.5490722761035007e-06,4.195477961641845e-06,641924.0883086271,1.9523982930362953e-11,446.32173658533566,6.305740441692229e-06,0.7839677144080925,41.03561622936239,0.0004453875720980713,1.0
731.2343491784892,86.56981447264106,0.07471343746166381,0.005960862176715308,0.0294324656627116,0.08052266544405023,3.18819679383903e-05,-7.289345102121647e-06,7.86852370745672e-06,-1.8315539238595102e-06,-2.1683511389103634e-07,4.0968982930832544e-05,-6.75259337408463e-06,1.0151133792814355e-05,4.888304717597097e-05,4.142478701554142e-05,-3.037301923688345e-06,5.626389928306038e-06,-3.037301923688345e-06,3.284951645407888e-06,-2.5020468746508893e-06,5.626389928306038e-06,-2.5020468746508893e-06,4.173138355526602e-06,567527.0153461846,2.0613044724037643e-11,459.9035826746455,5.574924072175883e-06,0.7844871489746114,41.06336309946911,0.0004177444518609772,1.0
746.9594916508262,92.66805807296225,0.08118946433879648,0.004526155493721688,0.031022397547363852,0.08703220296396466,3.227771122590172e-05,-6.92305176851623e-06,7.88491524000648e-06,-1.7516847679853013e-06,-2.1731463033749881e-07,4.200253689583467e-05,-6.585169864722575e-06,1.0331066446041723e-05,4.961921075120093e-05,4.2331021747207955e-05,-3.039748579498243e-06,5.97822328740587e-06,-3.039748579498243e-06,3.158028281923289e-06,-2.4388041021989686e-06,5.978223287405869e-06,-2.4388041021989686e-06,4.129364081996559e-06,502522.1669397834,2.164978162477709e-11,472.3433074162522,4.936369282025616e-06,0.7850272373499735,41.09203134217394,0.0003899752630600783,1.0
763.9973952030101,99.08710238537229,0.08771919470625113,0.003170148273887688,0.03261091707980867,0.09363855441418233,3.239944470368894e-05,-6.511734274030595e-06,7.853336703313943e-06,-1.6708963730300369e-06,-2.1670791160980406e-07,4.272780200298197e-05,-6.3784367100242185e-06,1.0454215492561314e-05,5.0016651331586285e-05,4.2933701556617714e-05,-3.016963420070918e-06,6.292773148197271e-06,-3.016963420070918e-06,3.01551472471495e-06,-2.3618673369589517e-06,6.292773148197271e-06,-2.3618673369589517e-06,4.066962219217254e-06,445840.64329421025,2.2616734063766562e-11,483.7154127748621,4.3795760685315254e-06,0.7855852655757082,41.121500638003425,0.0003627528786872915,1.0
782.3535561786488,105.8257010602043,0.09424787571297968,0.0019009912309638877,0.03418848780390693,0.10027526386097102,3.227024816332562e-05,-6.0652119047333475e-06,7.777298202824108e-06,-1.5899456591880065e-06,-2.1506531503868858e-07,4.315022521761681e-05,-6.139526084154794e-06,1.0521216478184646e-05,5.0089631619094986e-05,4.3239492171049525e-05,-2.9712522398539328e-06,6.5650882516871325e-06,-2.9712522398539328e-06,2.8615903885607224e-06,-2.273761627284185e-06,6.5650882516871325e-06,-2.273761627284185e-06,3.988587621431989e-06,396449.8565092827,2.350095815362108e-11,494.0790511313695,3.894401127523582e-06,0.7861581196673249,41.1516263609914,0.0003365114153900974,1.0
802.0227078769223,112.88073670083794,0.10072601064749576,0.0007245294586052516,0.03574641051522892,0.1068833945410562,3.1912484050263666e-05,-5.5945967416928015e-06,7.660372008411913e-06,-1.509552770434807e-06,-2.1246210006515333e-07,4.328031268589847e-05,-5.875238045048212e-06,1.0533095590364394e-05,4.985640933698977e-05,4.3259795766756086e-05,-2.9052255335330924e-06,6.791358969395857e-06,-2.9052255335330924e-06,2.700029565092934e-06,-2.1768606395830474e-06,6.791358969395857e-06,-2.1768606395830474e-06,3.896586710751763e-06,353394.7688048835,2.4294250564968167e-11,503.45954394319284,3.4714629441729904e-06,0.786742426077763,41.182247260277464,0.0003114838698381988,1.0
822.9900326241059,120.24743187196123,0.10711013625366682,-0.0003559023911870766,0.03727693990170035,0.11341198438977296,3.134749089618269e-05,-5.115160268815625e-06,7.506948939758651e-06,-1.4303755224054897e-06,-2.0899279014759856e-07,4.313326049584146e-05,-5.591947072306491e-06,1.0491531669790459e-05,4.9338914003961486e-05,4.301170700963383e-05,-2.821691776080023e-06,6.96901953510832e-06,-2.821691776080023e-06,2.5341694663086192e-06,-2.073374613759215e-06,6.96901953510832e-06,-2.073374613759215e-06,3.793048208457697e-06,315820.7385825098,2.499264058863062e-11,511.85682550232343,3.1023662141299283e-06,0.7873347013972365,41.213194173861744,0.0002877752471008797,1.0
845.2325506797031,127.91955790272156,0.11336257094100097,-0.001339518813029795,0.03877332566326401,0.11981751785107829,3.060957438578152e-05,-4.63742586746414e-06,7.322600602170218e-06,-1.352991027776562e-06,-2.047649655474666e-07,4.27364083379917e-05,-5.296488112523038e-06,1.0400761296632318e-05,4.857108255189118e-05,4.252332680704968e-05,-2.7240570181150457e-06,7.098127073157708e-06,-2.7240570181150457e-06,2.3673423315386246e-06,-1.9656975002916867e-06,7.098127073157708e-06,-1.9656975002916867e-06,3.6805146992141712e-06,282979.35235159635,2.5595605201786966e-11,519.3487088048829,2.7797591316271446e-06,0.7879314851671436,41.24429774662912,0.0002655127851972749,1.0
868.7204075816459,135.8896398398586,0.11945152956521,-0.0022276604399657693,0.04022985902377038,0.12606376142086378,2.9730750070179875e-05,-4.170041758525693e-06,7.112700701535042e-06,-1.2778852232098928e-06,-1.9989326971387995e-07,4.211935303953386e-05,-4.994888469163708e-06,1.0265456100914111e-05,4.758769712705215e-05,4.182428797170573e-05,-2.615594656537246e-06,7.179960929787141e-06,-2.615594656537246e-06,2.202272039009219e-06,-1.8559123225325056e-06,7.179960929787141e-06,-1.8559123225325056e-06,3.561203463484783e-06,254222.24711055888,2.6105393508859125e-11,525.9966281712976,2.4972727055729375e-06,0.7885294475074517,41.27539439192745,0.0002447398992809109,1.0
893.4180157752779,144.14915861480594,0.12535150140969054,-0.0030231779471369376,0.041641913170839054,0.13212186587802718,2.8741875738929488e-05,-3.7195390158243828e-06,6.882596589732764e-06,-1.2054493102963752e-06,-1.944940674620644e-07,4.131321571550954e-05,-4.69229409147341e-06,1.0090800831686523e-05,4.642415207057994e-05,4.094587286958371e-05,-2.4994135459827963e-06,7.216971168808385e-06,-2.4994135459827963e-06,2.0411761632261117e-06,-1.745831511020826e-06,7.2169711688083855e-06,-1.745831511020826e-06,3.43711212904165e-06,228990.46440752145,2.652645291158083e-11,531.8620226848637,2.24941618249752e-06,0.7891254733868059,41.30633077562515,0.00022545541540759854,1.0
919.2852417347968,152.68876555081775,0.1310433877841468,-0.00373004827089413,0.04300595134859059,0.13797026706304083,2.7673656805806287e-05,-3.2916154169043525e-06,6.637610693582723e-06,-1.1359812282240234e-06,-1.886809050682733e-07,4.0351288399926276e-05,-4.393241328008934e-06,9.882600781162721e-06,4.511697745191988e-05,3.991922313248097e-05,-2.3784393916316183e-06,7.212821171599095e-06,-2.3784393916316183e-06,1.88582780121838e-06,-1.637037970311245e-06,7.212821171599095e-06,-1.637037970311245e-06,3.3101316340048167e-06,206803.39836228595,2.6864873250537537e-11,537.0248356260871,2.0314684809046904e-06,0.7897167249014573,41.33696711050201,0.00020764096203048537,1.0
946.2786396649014,161.49849839847437,0.13651390924358886,-0.004353142702483195,0.044319451411578434,0.14359391018346934,2.6551667801153636e-05,-2.8897790367501176e-06,6.3823589666313204e-06,-1.0696909806660716e-06,-1.825609074184935e-07,3.926414787511247e-05,-4.101212149627712e-06,9.646338449710736e-06,4.369890334809031e-05,3.877951044409887e-05,-2.255168859626849e-06,7.171560614518086e-06,-2.255168859626849e-06,1.7374611122997663e-06,-1.5307503454641863e-06,7.171560614518086e-06,-1.5307503454641863e-06,3.1817797588642606e-06,187248.9715513096,2.7127780592785136e-11,541.5440235935349,1.8393816871515927e-06,0.7903006826202446,41.36717944136063,0.00019123688030586207,1.0
974.3526211274695,170.56798374560347,0.14175489905542,-0.004898070416658712,0.04558081383103021,0.14898339870441235,2.5401172954098952e-05,-2.517333416218838e-06,6.121359360670038e-06,-1.0067088708914143e-06,-1.7623219623308976e-07,3.808265588188639e-05,-3.819103262816105e-06,9.387848715002557e-06,4.220244664778313e-05,3.755193731652483e-05,-2.1318512298682264e-06,7.097972835825992e-06,-2.1318512298682264e-06,1.596981252075027e-06,-1.4279895395322024e-06,7.097972835825992e-06,-1.4279895395322024e-06,3.0535191837235778e-06,169974.28092333663,2.7322830592396476e-11,545.5066039372747,1.669689168527554e-06,0.7908751653067614,41.39686075429072,0.00017618966522598423,1.0
1003.4604292016229,179.886610354519,0.1467625097195589,-0.005370802184696575,0.046789229901791435,0.15413407089314632,2.4240919637060868e-05,-2.1741923406357978e-06,5.858021073508929e-06,-9.470956863616353e-07,-1.697823130270633e-07,3.6832754123508305e-05,-3.5488199313287007e-06,9.11209551076885e-06,4.0654350903931374e-05,3.62631703127696e-05,-2.01022733610772e-06,6.996573797990022e-06,-2.01022733610772e-06,1.4648417753638298e-06,-1.3294207529735047e-06,6.996573797990024e-06,-1.3294207529735045e-06,2.9263899795493346e-06,154677.21872087318,2.745779625324819e-11,548.9659012378695,1.5194232639977659e-06,0.7914383326724133,41.42592118052151,0.00016241244943086174,1.0
1033.5549237157459,189.44367482298995,0.15153650632973856,-0.005777396287662206,0.04794456014990896,0.15904518825307423,2.3087567561049317e-05,-1.8612900959158601e-06,5.595511349203401e-06,-8.908536837483482e-07,-1.6328749610340006e-07,3.553839797201156e-05,-3.291723728237817e-06,8.823850397043313e-06,3.9078866844560455e-05,3.493640081612401e-05,-1.8917396092481189e-06,6.8720563291744084e-06,-1.8917396092481189e-06,1.3411984418774685e-06,-1.2355184431496008e-06,6.8720563291744084e-06,-1.2355184431496008e-06,2.801303904985561e-06,141099.0025397609,2.7540272783493807e-11,551.9871389532864,1.3860419055806405e-06,0.7919886748608558,41.45428747722657,0.00014982385067466666,1.0
1064.5892255486401,199.2285026439773,0.1560797076440022,-0.0061237898818453035,0.049047225942934945,0.16371929120739406,2.1955075067236558e-05,-1.5772161881413145e-06,5.3363204143769515e-06,-8.379374557737168e-07,-1.5681261900529555e-07,3.422126117475694e-05,-3.048636311977766e-06,8.527441986666255e-06,3.7496967494219845e-05,3.359196027016797e-05,-1.777509739262297e-06,6.728905536797451e-06,-1.777509739262297e-06,1.2260536652032218e-06,-1.1465586712724025e-06,6.728905536797451e-06,-1.1465586712724025e-06,2.6789894280768118e-06,129017.64212555927,2.7577490231015068e-11,554.6367062757603,1.267364441466124e-06,0.7925249918881164,41.48190196447215,0.0001383420718121048,1.0
1096.5172540427538,209.23054846329106,0.16039729350143456,-0.006415677636111758,0.050098086665863455,0.16816144317201911,2.0852520065802424e-05,-1.3206971996620223e-06,5.08222651047328e-06,-7.882640924391849e-07,-1.504116125732558e-07,3.289750185021741e-05,-2.8197872277552527e-06,8.226289317586102e-06,3.592488588181656e-05,3.2245666031312425e-05,-1.668293063951198e-06,6.5710928398321925e-06,-1.668293063951198e-06,1.1191199374583454e-06,-1.062601447155799e-06,6.5710928398321925e-06,-1.062601447155799e-06,2.5598755544170954e-06,118242.52310281894,2.75761648994674e-11,556.9551866328792,1.1615184309748118e-06,0.7930463671822223,41.50872119099184,0.00012787418858748977,1.0
1129.2941640360423,219.43947659989254,0.16449624966573326,-0.006658502408536744,0.051098344074806956,0.17237863143557874,1.978858870611051e-05,-1.0906806066932005e-06,4.834854733609097e-06,-7.417223230850826e-07,-1.441282205679159e-07,3.158258261881272e-05,-2.6051863708467695e-06,7.923661896641016e-06,3.4376334092091216e-05,3.0911939547761534e-05,-1.564672514119695e-06,6.402513797212049e-06,-1.564672514119695e-06,1.0200552950819772e-06,-9.836166886381762e-07,6.402513797212047e-06,-9.836166886381762e-07,2.444335750268854e-06,108609.71660748989,2.7542424988791593e-11,559.0056148603464,1.0668935701993923e-06,0.7935521369643408,41.5347143709797,0.00011834323158281173,1.0
1162.8766653694158,229.8452196373856,0.16838487783650327,-0.006857348711217529,0.05204943819562823,0.17637923441222295,1.8768267064155713e-05,-8.844742701009748e-07,4.594993411092471e-06,-6.981805116145597e-07,-1.3799696719136804e-07,3.028804093310777e-05,-2.404450868722705e-06,7.62196016899958e-06,3.286236661897372e-05,2.9601536209881164e-05,-1.466952645367944e-06,6.22643344790445e-06,-1.466952645367944e-06,9.283782071539017e-07,-9.0941656806315e-07,6.22643344790445e-06,-9.0941656806315e-07,2.3324837543760507e-06,99978.01790777971,2.748177818669523e-11,560.8269828865001,9.821027786360508e-07,0.7940418582668534,41.559861755014815,0.00010966599968094435,1.0
1197.223234911163,240.43801701054673,0.1720722829426753,-0.007016892739464857,0.0529529492637846,0.18017247896544633,1.7794103895992097e-05,-7.005743448707849e-07,4.363172129678104e-06,-6.574934450678424e-07,-1.3204422994787206e-07,2.9021631375711728e-05,-2.2169601008206125e-06,7.322958813134673e-06,3.1389971774620544e-05,2.8322226082636e-05,-1.375236113337642e-06,6.04561592730063e-06,-1.375236113337642e-06,8.435419916233518e-07,-8.397118842204494e-07,6.04561592730063e-06,-8.397118842204492e-07,2.2242316698161423e-06,92225.63865304437,2.739909739163837e-11,562.4454781963765,9.059497065263507e-07,0.7945152775848098,41.58415304840691,0.00010176147810679049,1.0
1232.2942497115073,251.20843611774174,0.1755681227479407,-0.007141411440074124,0.05381053358182288,0.18376816646784308,1.686937514502065e-05,-5.369749816677652e-07,4.139712809937389e-06,-6.195079271844599e-07,-1.2628933194079704e-07,2.7791900150697303e-05,-2.042084584671888e-06,7.028359222759274e-06,2.9965981870366315e-05,2.708151279876774e-05,-1.2895438026031753e-06,5.862750518605722e-06,-1.2895438026031753e-06,7.650266936688356e-07,-7.741913387020184e-07,5.862750518605722e-06,-7.741913387020184e-07,2.1194695879784955e-06,85247.29620527984,2.7298661591074212e-11,563.9141676575164,8.374001428158048e-07,0.7949723001597034,41.60758583409487,9.456581787453717e-05,1.0
1268.0520541225803,262.14737921627943,0.17888227136690615,-0.007234725402810059,0.054623853140795264,0.18717631685922417,1.599311736233508e-05,-3.9088154564025406e-07,3.924341724665295e-06,-5.840672706573903e-07,-1.207455985667598e-07,2.6601928981161072e-05,-1.8789367448145194e-06,6.738847470651931e-06,2.8592828057868385e-05,2.588286573989285e-05,-1.2096461124419981e-06,5.679614911854075e-06,-1.2096461124419981e-06,6.922485472559518e-07,-7.124271812417784e-07,5.679614911854075e-06,-7.124271812417784e-07,2.017740552112604e-06,78951.83468529615,2.7184185751886154e-11,565.2354239986382,7.75558646245275e-07,0.7954129619081799,41.63016415627555,8.80036024654062e-05,1.0
1304.4609875545636,273.24608082800466,0.18202459676239677,-0.007300294872499727,0.055394532886807624,0.190406938963595,1.516572858159223e-05,-2.616121385144221e-07,3.716930400110451e-06,-5.51014799648657e-07,-1.154213394794422e-07,2.5455673398101955e-05,-1.7267464921210438e-06,6.455206806663658e-06,2.7273425651634234e-05,2.4730004416783835e-05,-1.1352680812971867e-06,5.4979011050050775e-06,-1.1352680812971867e-06,6.247091287179254e-07,-6.54025623969555e-07,5.4979011050050775e-06,-6.540256239695551e-07,1.9185979232984274e-06,73260.17289363174,2.7058869965095972e-11,566.443140428221,7.19648387394111e-07,0.795837403693507,41.65189721508166,8.20178333004065e-05,1.0
1341.4873725571103,284.4960975960234,0.18500486217528855,-0.007341222467706238,0.056124139105663384,0.19346992419022066,1.4386474064044457e-05,-1.4647969409139713e-07,3.5171212516337033e-06,-5.201965132066455e-07,-1.1032073876942025e-07,2.435582203814561e-05,-1.5847552416492525e-06,6.177886581537625e-06,2.6009140915378895e-05,2.3625618756828752e-05,-1.0659903646707762e-06,5.318795323122692e-06,-1.0659903646707762e-06,5.619610818468687e-07,-5.985992816878027e-07,5.318795323122692e-06,-5.985992816878027e-07,1.8214866591095555e-06,68103.54234702195,2.6925462016235913e-11,567.5607931691814,6.689938405826672e-07,0.7962458484211014,41.67279819835392,7.655392615437017e-05,1.0
1379.0994501992832,295.88929231581295,0.18783230674019277,-0.007360248862396484,0.05681414033955056,0.19637462988171467,1.3650184676962507e-05,-4.410451547812437e-08,3.324224477281983e-06,-4.914630590149193e-07,-1.0544464846989516e-07,2.329863536221993e-05,-1.4521071305569952e-06,5.906456035476476e-06,2.479724081616821e-05,2.2567550906391817e-05,-1.0011476251992119e-06,5.142273878854371e-06,-1.0011476251992119e-06,5.035815612477975e-07,-5.45756643715076e-07,5.142273878854371e-06,-5.45756643715076e-07,1.725631791101946e-06,63422.11899492658,2.678626711180722e-11,568.5337313446004,6.230073429677069e-07,0.7966385825974867,41.69288338761723,7.154283464733333e-05,1.0
1417.267265749629,307.4178171968448,0.19051544417205063,-0.007359906238705499,0.057465929030344726,0.19912969564391167,1.2954769008151196e-05,4.562374641732659e-08,3.138229510969516e-06,-4.646711370814607e-07,-1.0079128342839587e-07,2.2283930630871837e-05,-1.3282922549159021e-06,5.641253033567198e-06,2.363743580963817e-05,2.1557430645909063e-05,-9.40113105600403e-07,4.968406663910238e-06,-9.40113105600403e-07,4.493381050752283e-07,-4.953102444574481e-07,4.968406663910238e-06,-4.953102444574481e-07,1.6306653929563774e-06,59163.773000294605,2.6643186557567272e-11,569.3613554246716,5.811768134049045e-07,0.7970159412133441,41.71217140607595,6.693898069947652e-05,1.0
1455.9625089834817,319.0741020993846,0.19306204377986652,-0.007342478622597039,0.058080880083384995,0.20174303797663737,1.229617752737908e-05,1.2529853359364592e-07,2.959124954805336e-06,-4.396844399806619e-07,-9.63568203358814e-08,2.1308924546024496e-05,-1.212903432299476e-06,5.3825079101017674e-06,2.2527710379235473e-05,2.0592096554177948e-05,-8.821774476256695e-07,4.796494784166338e-06,-8.821774476256695e-07,3.991000981439696e-07,-4.472292791532818e-07,4.796494784166337e-06,-4.472292791532818e-07,1.536511534262957e-06,55282.96295184174,2.6497772226080277e-11,570.0019973034642,5.430548900891225e-07,0.7973782964569772,41.73068264664509,6.269286824334472e-05,1.0
1495.158360126438,330.85085893719594,0.19547918374039502,-0.0073100591739316,0.05866044032599432,0.20422192707977524,1.1671025864720522e-05,1.945688792589214e-07,2.787550215738762e-06,-4.16374198088544e-07,-9.213589994924113e-08,2.0371170500435305e-05,-1.1057587710817435e-06,5.130967267226681e-06,2.1466683798580537e-05,1.967009148631695e-05,-8.267306975925709e-07,4.6257967284786395e-06,-8.267306975925709e-07,3.5286901505197043e-07,-4.0170873083767505e-07,4.6257967284786395e-06,-4.0170873083767505e-07,1.4437201754252892e-06,51739.78726591419,2.6351281439857402e-11,570.4231588124824,5.082496122974093e-07,0.7977260501171426,41.74843888585619,5.8763918688002455e-05,1.0
1534.8293585211115,342.7411045469694,0.19777333352880444,-0.007264614066581817,0.05920621183713596,0.20657309019505884,1.1076562320706478e-05,2.5438412322453113e-07,2.6243946108311447e-06,-3.946194181427708e-07,-8.81220407330873e-08,1.946878257652818e-05,-1.0068231328781636e-06,4.887804291499377e-06,2.0453462800140372e-05,1.878929412482523e-05,-7.733562176187738e-07,4.4558142978978095e-06,-7.733562176187738e-07,3.1072158175840004e-07,-3.591177486202977e-07,4.4558142978978095e-06,-3.591177486202977e-07,1.353445510572037e-06,48499.18283533053,2.620472523243363e-11,570.6016157091392,4.764165485666184e-07,0.7980596291326781,41.7654630613425,5.5118802053587936e-05,1.0
1574.9512996833819,354.7381989632645,0.19995049561208206,-0.0072080340160246455,0.05972000317323544,0.20880286211856547,1.051103104719841e-05,3.049636647813312e-07,2.4707342596110587e-06,-3.7430689494842e-07,-8.430797434830385e-08,1.860094602785933e-05,-9.16112902378842e-07,4.654461844855342e-06,1.9487817810099685e-05,1.794784684993798e-05,-7.219027105916994e-07,4.286593190063986e-06,-7.219027105916994e-07,2.727344848837635e-07,-3.198898642764404e-07,4.286593190063986e-06,-3.198898642764404e-07,1.2672119712426519e-06,45530.24103818618,2.6058914488863983e-11,570.5346151761227,4.4725207771989955e-07,0.7983794832845922,41.781779157631554,5.173214284689097e-05,1.0
1615.5011618228723,366.835888154178,0.20201639757234988,-0.007142118852700153,0.060203821038682305,0.21091736490264026,9.973579450512933e-06,3.4700985842127766e-07,2.3273967944543107e-06,-3.5533106234091375e-07,-8.068591278233224e-08,1.776786326782889e-05,-8.335735569998688e-07,4.432313154898714e-06,1.8569765805775897e-05,1.7144352356237568e-05,-6.724685633255347e-07,4.118892721338561e-06,-6.724685633255347e-07,2.3891399492875346e-07,-2.8438044573792895e-07,4.118892721338561e-06,-2.8438044573792895e-07,1.1864983773811432e-06,42805.62683337226,2.5914503952565e-11,570.241028976216,4.204876825332774e-07,0.7986860834972844,41.79741212187953,4.8584967270133884e-05,1.0
1656.4570662953915,379.0283389587388,0.2039766694453368,-0.007068540751549391,0.06065980403926089,0.21292265678515765,9.464002396080202e-06,3.811259827073775e-07,2.19480700213814e-06,-3.375937328852747e-07,-7.724775632401903e-08,1.6970409187896787e-05,-7.589980879704687e-07,4.222368207820015e-06,1.7699472441196378e-05,1.637795181952457e-05,-6.253100685238302e-07,3.953948876068258e-06,-6.253100685238302e-07,2.0914329363029676e-07,-2.5275887334740636e-07,3.953948876068258e-06,-2.5275887334740636e-07,1.1123562586876492e-06,40301.095305039344,2.577202904291583e-11,569.758567039979,3.9588520066145034e-07,0.7989799192887315,41.81238773866856,4.566278945319487e-05,1.0
1697.7982672087903,391.31015605573833,0.20583693698997393,-0.00698881652247506,0.06109012285896752,0.2148247920904919,8.982281049405379e-06,4.081132320043425e-07,2.0728736796869975e-06,-3.21003767107268e-07,-7.398525291684582e-08,1.620954520416839e-05,-6.919972599367702e-07,4.025094035862177e-06,1.6876542297570255e-05,1.5648135600224862e-05,-5.807200987955205e-07,3.7931498443730546e-06,-5.807200987955205e-07,1.8318269638180803e-07,-2.249736079369134e-07,3.7931498443730546e-06,-2.249736079369134e-07,1.0452217497050774e-06,37995.09721848761,2.563193054438311e-11,569.1340528379159,3.732329499394879e-07,0.7992614945454958,41.82673242500947,4.2953098486205906e-05,1.0
1739.5051532111027,403.676377657148,0.20760281394922236,-0.0069042985309121455,0.061496881491619804,0.21662978588142887,8.528200680899755e-06,4.287872221857478e-07,1.9610763427402586e-06,-3.0547670520632904e-07,-7.089012043953759e-08,1.5485832838132197e-05,-6.320296150239472e-07,3.840412277849698e-06,1.6100010127286517e-05,1.4954349787192083e-05,-5.389287666607542e-07,3.6377068216122604e-06,-5.389287666607542e-07,1.6069758867503898e-07,-2.007871555707351e-07,3.6377068216122604e-06,-2.0078715557073513e-07,9.849620687056127e-07,35868.455789395724,2.5494567661830944e-11,568.413231896101,3.523425532264804e-07,0.7995313218239997,41.84047295490237,4.044352391405238e-05,1.0
1781.559240674373,416.1224531878547,0.20927982544059315,-0.0068161697509902825,0.06188204475172497,0.2183435205568829,8.101106827552276e-06,4.440348260695572e-07,1.8586108231941519e-06,-2.909343844531669e-07,-6.7954142085965e-08,1.4799149277456617e-05,-5.784574230901714e-07,3.6678114125953733e-06,1.536826035232887e-05,1.4295910709575045e-05,-5.000554197274472e-07,3.4884679403439537e-06,-5.000554197274472e-07,1.413014429695308e-07,-1.798436072645067e-07,3.4884679403439537e-06,-1.7984360726450664e-07,9.310475349547955e-07,33904.09415807451,2.536022395504277e-11,567.6322425259351,3.3304626133413546e-07,0.7997899160631771,41.853636155131724,3.8120814124347846e-05,1.0
1823.9431477899325,428.64421025502736,0.21087332805990536,-0.006725442542770898,0.06224740219158174,0.21997165986566797,7.700075165971116e-06,4.546851390117921e-07,1.7645767111192295e-06,-2.7730455450712093e-07,-6.516924165693184e-08,1.414883910247649e-05,-5.306137332575823e-07,3.5065414268320624e-06,1.4679230801321829e-05,1.3671868825019534e-05,-4.6411006624501727e-07,3.345927634122806e-06,-4.6411006624501727e-07,1.246007606915946e-07,-1.6174042265013938e-07,3.345927634122806e-06,-1.6174042265013938e-07,8.827609107261761e-07,32086.7947680409,2.5229113263881684e-11,566.8207545434421,3.151945893574826e-07,0.8000377886233793,41.866248614106134,3.597168346079575e-05,1.0
1866.6405517472942,441.23781797982184,0.21238845434128317,-0.0066329602000376135,0.06259456049403189,0.22151959439728042,7.323894332596791e-06,4.615694760951215e-07,1.6780680483040977e-06,-2.645204959316144e-07,-6.25275425022519e-08,1.3533750390982616e-05,-4.878476861350782e-07,3.3557389326896395e-06,1.4030588664497006e-05,1.3081026787520661e-05,-4.310113468262547e-07,3.210262969223893e-06,-4.310113468262547e-07,1.1021895752088436e-07,-1.4607767937688463e-07,3.210262969223893e-06,-1.4607767937688463e-07,8.393416943610431e-07,30402.98359919693,2.5101387575703882e-11,565.9995443409539,2.986541971570147e-07,0.8002754422216363,41.8783364321313,3.398273100812891e-05,1.0
1909.6361378527015,453.89975135136586,0.21383008182771068,-0.006539415787161671,0.06292495286145738,0.22299241589323046,6.971237591316585e-06,4.6532389738524677e-07,1.5982585560729315e-06,-2.5252064481831477e-07,-6.002141225867434e-08,1.295244150893904e-05,-4.495553626872721e-07,3.2145360739136248e-06,1.341992547024239e-05,1.2522028212895571e-05,-4.006177544151952e-07,3.0814372332384234e-06,-4.006177544151952e-07,9.781736246403644e-08,-1.3248814189048738e-07,3.0814372332384234e-06,-1.3248814189048738e-07,8.000790897247763e-07,28840.537419914144,2.4977146084997652e-11,565.1842663395926,2.8330599595984433e-07,0.8005033669147892,41.88992502204101,3.214111430159953e-05,1.0
1952.9155461051216,466.62675835596923,0.21520281383155213,-0.006445378693333948,0.06323985489127561,0.2243949046529082,6.640688230798584e-06,4.6651860194064897e-07,1.524405037586874e-06,-2.4124822728585397e-07,-5.7643495379017556e-08,1.24032662763359e-05,-4.15191587224019e-07,3.082104347557108e-06,1.2844822315526913e-05,1.199337331899979e-05,-3.7275158930936597e-07,2.9592499683529425e-06,-3.7275158930936597e-07,8.709790410878913e-08,-1.2065006835473212e-07,2.9592499683529425e-06,-1.2065006835473212e-07,7.643503817066573e-07,27388.61382020195,2.4856443600414877e-11,564.3851450947266,2.690434787437109e-07,0.8007220370698551,41.90103895888593,3.0434569757856777e-05,1.0
1996.4653161725212,479.41583021088906,0.21651096694077723,-0.006351319363628519,0.063540401618078,0.22573152349877007,6.330807013196305e-06,4.6559753546837946e-07,1.4558534849313012e-06,-2.3065090784077226e-07,-5.5386735534865516e-08,1.188447579605224e-05,-3.842754215095728e-07,2.9576807245528135e-06,1.2302919324138832e-05,1.1493484057486565e-05,-3.4721862357060395e-07,2.8434318548992503e-06,-3.4721862357060395e-07,7.78056671833328e-08,-1.1028936138588525e-07,2.84343185489925e-06,-1.1028936138588528e-07,7.316292912357596e-07,26037.5020925959,2.4739297739556645e-11,563.6082173258047,2.557712554120419e-07,0.8009319092124201,41.911701873826495,2.88515806417704e-05,1.0
2040.2728302099663,492.26417469687925,0.21775856811429126,-0.006257624390566381,0.0638276046712138,0.2270064205441436,6.040178229340815e-06,4.629628290227407e-07,1.392037860399824e-06,-2.2068045458534055e-07,-5.324438978928386e-08,1.1394300992251917e-05,-3.5638579320273296e-07,2.8405780202876412e-06,1.179196566525905e-05,1.1020759411646085e-05,-3.2382292283459274e-07,2.7336554976881427e-06,-3.2382292283459274e-07,6.972388191976629e-08,-1.0117626563771734e-07,2.7336554976881427e-06,-1.0117626563771734e-07,7.014816460670142e-07,24778.49206965482,2.462569538639196e-11,562.8566648365763,2.434037643601428e-07,0.8011334206420885,41.92193638649487,2.7381493609261715e-05,1.0
2084.3262547671693,505.16919270868607,0.21894936204005147,-0.006164605685424961,0.0641023686940379,0.22822344133149136,5.767436629834368e-06,4.589556609196939e-07,1.3324664793614906e-06,-2.1129242272320349e-07,-5.121003603366614e-08,1.0930997504516455e-05,-3.311584280261685e-07,2.7301807577324214e-06,1.1309836426933911e-05,1.057361290767723e-05,-3.023747090318447e-07,2.6295792680608995e-06,-3.023747090318447e-07,6.267198031257103e-08,-9.312033941642678e-08,2.6295792680609e-06,-9.312033941642678e-08,6.735521327909852e-07,23603.758598074994,2.4515598688329705e-11,562.1314404413292,2.3186413764280273e-07,0.8013269886918437,41.931764069569326,2.6014519876965643e-05,1.0
2128.614484547953,518.128458113243,0.22008682671417268,-0.006072510680531523,0.06436550674117611,0.2293861485293474,5.511307280771799e-06,4.5385682652484786e-07,1.2767220509597969e-06,-2.0244585683355344e-07,-4.927757487982103e-08,1.0492899829819696e-05,-3.0827874808717284e-07,2.6259466124939805e-06,1.0854565249037218e-05,1.0150518215242434e-05,-2.82695462773198e-07,2.53086637036975e-06,-2.82695462773198e-07,5.6494677028727444e-08,-8.596422568539615e-08,2.53086637036975e-06,-8.596422568539615e-08,6.475527550345972e-07,22506.259846909838,2.4408950621851573e-11,561.4329965574581,2.2108320203690664e-07,0.8015130104910635,41.94120543855078,2.4741819393689007e-05,1.0
2173.127090033727,531.1397006431038,0.22117419125586127,-0.005981534118013583,0.06461775354239802,0.2304978431590095,5.27059309966194e-06,4.479013084136017e-07,1.2244434939596195e-06,-1.941030121149213e-07,-4.7441227078460454e-08,1.0078418602557022e-05,-2.874750467966211e-07,2.5273934493095524e-06,1.0424323622616746e-05,9.750010166607192e-06,-2.646206958822855e-07,2.4371900978880553e-06,-2.646206958822855e-07,5.106623610837527e-08,-7.957756732801415e-08,2.4371900978880553e-06,-7.957756732801415e-08,6.232473021516479e-07,21479.648248145804,2.4305679701344636e-11,560.7608373674864,2.1099860419404722e-07,0.8016918630988802,41.95027996034304,2.3555358686966925e-05,1.0
2217.854269357342,544.2007913103982,0.22221445342563081,-0.005891829772600007,0.06485977637211858,0.23156158481138958,5.0441905267041585e-06,4.4126746096458516e-07,1.1753199559524893e-06,-1.8622909467505153e-07,-4.569552746878572e-08,9.686062523530739e-06,-2.685127260420951e-07,2.4340929984201215e-06,1.0017426971166982e-05,9.370703916925554e-06,-2.4800025485611295e-07,2.3482420829242673e-06,-2.4800025485611295e-07,4.6280084833341303e-08,-7.385282024014623e-08,2.3482420829242673e-06,-7.385282024014622e-08,6.004430760808418e-07,20518.19260391001,2.420570378135793e-11,560.1144243037943,2.0155404548504914e-07,0.8018639038990313,41.959006075194,2.2447902826356674e-05,1.0
2262.7868036652453,557.3097297560084,0.22321039593718145,-0.005803518308266768,0.06509218378139227,0.2325802099676975,4.831072559428044e-06,4.341131580733538e-07,1.1290793051115234e-06,-1.7879202070272074e-07,-4.4035316353694355e-08,9.314427527891596e-06,-2.5118868475851007e-07,2.345662279859662e-06,9.632314870319603e-06,9.01128841728972e-06,-2.3269795790241327e-07,2.263730556581644e-06,-2.3269795790241327e-07,4.204612650625302e-08,-6.870013667115369e-08,2.263730556581644e-06,-6.870013667115369e-08,5.789803304487712e-07,19616.709929669098,2.4108933041381842e-11,559.4927260243005,1.9269861248295753e-07,0.8020294711774132,41.96740122798491,2.1412890170788726e-05,1.0
2307.916015410996,570.4646331347868,0.22416460220087847,-0.005716692229604657,0.06531553281071102,0.23355634925275137,4.630291718984134e-06,4.2656459517955396e-07,1.0854827104745532e-06,-1.7176219395411383e-07,-4.2455729024008927e-08,8.96220121721651e-06,-2.3532612596223044e-07,2.2617574727425167e-06,9.267546541924383e-06,8.67053161813426e-06,-2.1859108309215653e-07,2.1833832751853818e-06,-2.1859108309215653e-07,3.8289128408664374e-08,-6.404493460453908e-08,2.1833832751853818e-06,-6.404493460453908e-08,5.587257794607769e-07,18770.50564902297,2.4015272386500367e-11,558.894589585778,1.843861894853056e-07,0.8021888848239922,41.97548190579557,2.0444389212983497e-05,1.0
2353.2337295298257,583.6637263100095,0.22507947177513982,-0.005631419687496436,0.06553033512024742,0.23449244406429096,4.440974505905348e-06,4.187319746909908e-07,1.0443190016710543e-06,-1.6511230068563006e-07,-4.095218399621028e-08,8.628159606778275e-06,-2.207715628198725e-07,2.1820685295592907e-06,8.921791768941853e-06,8.347279183919718e-06,-2.055689419050699e-07,2.1069464753607304e-06,-2.055689419050699e-07,3.494547659994953e-08,-5.982431201842948e-08,2.1069464753607304e-06,-5.982431201842948e-08,5.395671215115026e-07,17975.320993594883,2.3924623421960996e-11,558.318825310242,1.7657494181339208e-07,0.8023424471139837,41.98326367939553,1.953703585322709e-05,1.0
2398.7322376855236,596.9053332179151,0.22595723517095648,-0.0055477485625291985,0.0657370622716647,0.23539076234280032,4.262317563468526e-06,4.1070376032142415e-07,1.0054012010439538e-06,-1.5881712102270932e-07,-3.952037040876193e-08,8.311163477608661e-06,-2.0739077521679465e-07,2.1063149685147086e-06,8.593822577349636e-06,8.040452622478278e-06,-1.9353244242286625e-07,2.034184338479849e-06,-1.9353244242286625e-07,3.1961135127158304e-08,-5.598531010161452e-08,2.0341843384798493e-06,-5.598531010161452e-08,5.214088584951531e-07,17227.286679917474,2.3836886064720257e-11,557.7642987108048,1.6922686077166412e-07,0.8024904435332062,41.99076124687564,1.8685977902388326e-05,1.0
2444.404265550781,610.1878692480356,0.2267999674866552,-0.0054657105424234355,0.0659361502075681,0.23625341298672575,4.0935816056983585e-06,4.0255216342897706e-07,9.685624030577848e-07,-1.5285335573954006e-07,-3.8156234940584265e-08,8.010152827617565e-06,-1.950662201385788e-07,2.0342417210389944e-06,8.28250409184919e-06,7.749045011692629e-06,-1.823925300705338e-07,1.9648775150664077e-06,-1.823925300705338e-07,2.929031732441966e-08,-5.248280562415105e-08,1.9648775150664077e-06,-5.248280562415105e-08,5.041687769243713e-07,16522.882084361827,2.3751959811002338e-11,557.2299225295272,1.623073626154062e-07,0.802633143621585,41.997988478118735,1.7886818926659427e-05,1.0
2490.242942808258,623.5098344669478,0.2276096007517888,-0.005385324432236773,0.0661280030038275,0.23708235880154255,3.934086194776326e-06,3.943355197178579e-07,9.336528749001959e-07,-1.4719946743506515e-07,-3.685596854681146e-08,7.724141657082604e-06,-1.836942702631289e-07,1.9656159171800554e-06,7.986786574991788e-06,7.472116990141982e-06,-1.7206924893770605e-07,1.8988222473439986e-06,-1.7206924893770605e-07,2.6893859310035394e-08,-4.927846368704502e-08,1.8988222473439981e-06,-4.927846368704502e-08,4.877756346261055e-07,15858.899216346685,2.3669744704676122e-11,556.7146661248647,1.557849346528324e-07,0.8027708018164558,42.00495845917912,1.7135570062135403e-05,1.0
2536.2417754961957,636.8698075279168,0.2283879351478542,-0.0053065984391229065,0.06631299603017016,0.23787942817862984,3.783204249736533e-06,3.8610221273799066e-07,9.005374123019348e-07,-1.4183553509166422e-07,-3.5615993241328416e-08,7.452212431205349e-06,-1.7318377695828446e-07,1.9002240850154144e-06,7.70569775117191e-06,7.208792223342491e-06,-1.6249081544318613e-07,1.8358288871388068e-06,-1.6249081544318613e-07,2.4738480799677347e-08,-4.633933724511562e-08,1.8358288871388064e-06,-4.633933724511562e-08,4.721669575779137e-07,15232.41086614454,2.3590142070635748e-11,556.2175289147009,1.4963082235502532e-07,0.8029036582826266,42.01168353589591,1.6428605342480412e-05,1.0
2582.394620451676,650.2664401577808,0.22913664933618064,-0.005229531830769605,0.06649147867771234,0.23864632578133171,3.6403579028588367e-06,3.7789233094906763e-07,8.690935116216191e-07,-1.367431210047787e-07,-3.4432949096017546e-08,7.193511554822639e-06,-1.6345404119650947e-07,1.837869990940991e-06,7.438336639658883e-06,6.958253684224428e-06,-1.5359252059792717e-07,1.7757208400743775e-06,-1.5359252059792717e-07,2.279532477698397e-08,-4.3637015027638325e-08,1.7757208400743775e-06,-4.3637015027638325e-08,4.5728756993288996e-07,14640.74238480208,2.3513055075202716e-11,555.7375671441522,1.4381875214481378e-07,0.8030319397198687,42.01817535625345,1.5762625576037687e-05,1.0
2628.6956617250817,663.6984521535236,0.22985730998755907,-0.005154116397953172,0.06666377675480134,0.239384642368249,3.505014334671195e-06,3.6973906949108317e-07,8.392097392104367e-07,-1.3190514909847282e-07,-3.330368157958787e-08,6.9472447387064395e-06,-1.5443334025118816e-07,1.7783727425324087e-06,7.18386762270796e-06,6.719739696885649e-06,-1.453162793069478e-07,1.7183336637195875e-06,-1.453162793069478e-07,2.10396020640198e-08,-4.1146910134861e-08,1.7183336637195875e-06,-4.1146910134861e-08,4.4308826774435704e-07,14081.446637778276,2.343838915223663e-11,555.2738955722473,1.3832468536167284e-07,0.8031558601414484,42.02444491116321,1.5134624821303962e-05,1.0
2675.139388860755,677.1646268381954,0.2305513805295317,-0.005080337894735471,0.06683019460289673,0.2400958637874852,3.376682129739235e-06,3.6166885770252655e-07,8.107844868655204e-07,-1.273057936932556e-07,-3.22252293243479e-08,6.712672730943757e-06,-1.4605795492611124e-07,1.7215651996281277e-06,6.941515153066723e-06,6.492540226930812e-06,-1.3760971484794565e-07,1.6635140595184101e-06,-1.3760971484794565e-07,1.9449863244255355e-08,-3.884752199911804e-08,1.6635140595184101e-06,-3.884752199911804e-08,4.2952500391255236e-07,13552.2817418434,2.3366052317684603e-11,554.8256952511282,1.331265995671168e-07,0.80327562161973,42.03050257347245,1.4541861026823269e-05,1.0
2721.720576895164,690.6638069240371,0.23122022912172302,-0.00500817731582399,0.06699101695711701,0.24078137915560988,3.2549075733561784e-06,3.537028748372754e-07,7.837247651427539e-07,-1.2293037785493462e-07,-3.119481238325878e-08,6.489107096560852e-06,-1.3827100585157823e-07,1.6672925565101622e-06,6.710558709918311e-06,6.275993133026452e-06,-1.304254941032118e-07,1.6111189794845027e-06,-1.304254941032118e-07,1.8007521587166552e-08,-3.6720145591079824e-08,1.6111189794845027e-06,-3.6720145591079824e-08,4.1655801373957116e-07,13051.191248123985,2.32959553887616e-11,554.3922016360923,1.2820429387904159e-07,0.8033914149966604,42.03635813509712,1.3981828942393343e-05,1.0
2768.4342678989415,704.1948907298008,0.23186513591981145,-0.004937611895777584,0.06714651058276754,0.24144248828610856,3.1392714106097036e-06,3.458578598908177e-07,7.579452346845821e-07,-1.18765280513871e-07,-3.0209821018229244e-08,6.275906388872096e-06,-1.3102160993783152e-07,1.61541114083998e-06,6.490328311181562e-06,6.069480729169745e-06,-1.2372090514960767e-07,1.5610148230400416e-06,-1.2372090514960767e-07,1.669637406341828e-08,-3.474834048894128e-08,1.5610148230400416e-06,-3.474834048894128e-08,4.041511727329254e-07,12576.286475706162,2.3228012125649542e-11,553.9726992225646,1.2353921543140443e-07,0.8035034205580804,42.042020842230905,1.3452236462803383e-05,1.0
2815.275753907267,717.7568287062012,0.23248729971180737,-0.004868615854501169,0.06729692572503485,0.24208040845898146,3.0293858647227314e-06,3.3814715828718256e-07,7.333673466505837e-07,-1.1479785160033378e-07,-2.9267805042750628e-08,6.07247260671099e-06,-1.242641419306334e-07,1.5657873710596262e-06,6.280200437318384e-06,5.872426569182982e-06,-1.1745728074782402e-07,1.5130767037484701e-06,-1.1745728074782402e-07,1.5502284332017314e-08,-3.2917575007056914e-08,1.5130767037484701e-06,-3.2917575007056914e-08,3.922715556935078e-07,12125.830737270422,2.3162139313484936e-11,553.5665160480113,1.1911430441968223e-07,0.8036118086715542,42.04749942861921,1.2950983609244241e-05,1.0
2862.240561120317,731.348620235203,0.23308784400197907,-0.0048011610051530386,0.06744249740740721,0.2426962806164043,2.924892029109923e-06,3.3058118543199283e-07,7.099186624556506e-07,-1.1101633449614448e-07,-2.8366463727823634e-08,5.878247987279343e-06,-1.1795759875078895e-07,1.5182968617440533e-06,6.07959439141498e-06,5.684292512644517e-06,-1.1159957922332075e-07,1.467187797847871e-06,-1.1159957922332075e-07,1.4412876966031273e-08,-3.1215030415204144e-08,1.467187797847871e-06,-3.1215030415204144e-08,3.8088897934365897e-07,11698.22523189361,2.309825679938969e-11,553.1730242641219,1.1491385552322575e-07,0.803716740388039,42.0528021469184,1.2476144109431335e-05,1.0
2909.3244352787747,744.9693106774233,0.2336678225915134,-0.0047352173002875265,0.06758344660229763,0.24329117503967448,2.8254574422359464e-06,3.2316785825375817e-07,6.875322426353236e-07,-1.0740979515746277e-07,-2.7503636269700176e-08,5.692711996833323e-06,-1.1206505138419718e-07,1.472823624063966e-06,5.887968932852662e-06,5.5045759478510435e-06,-1.0611600234484373e-07,1.4232387381122898e-06,-1.0611600234484373e-07,1.3417303755157438e-08,-2.962931816777149e-08,1.4232387381122898e-06,-2.962931816777149e-08,3.699756790691344e-07,11291.996410315212,2.3036287494463132e-11,552.7916364320852,1.1092339379190603e-07,0.8038183680082455,42.05793679818985,1.2025948765319163e-05,1.0
